{"cameraMode":{"drawMode":0,"name":"Shaded","section":"Shading Mode"},"sceneLighting":true,"audioPlay":false,"sceneViewState":{"m_AlwaysRefresh":false,"showFog":true,"showSkybox":true,"showFlares":true,"showImageEffects":true,"showParticleSystems":true,"showVisualEffectGraphs":true,"m_FxEnabled":true},"in2DMode":false,"pivot":{"x":19.244029998779298,"y":2.6723690032958986,"z":1.7319947481155396},"rotation":{"x":0.0037515622097998859,"y":-0.9765147566795349,"z":0.21509507298469544,"w":0.016177529469132425},"size":0.04535392299294472,"orthographic":false}