{"cameraMode":{"drawMode":0,"name":"Shaded","section":"Shading Mode"},"sceneLighting":true,"audioPlay":false,"sceneViewState":{"m_AlwaysRefresh":false,"showFog":true,"showSkybox":true,"showFlares":true,"showImageEffects":true,"showParticleSystems":true,"showVisualEffectGraphs":true,"m_FxEnabled":true},"in2DMode":false,"pivot":{"x":-0.06504678726196289,"y":1.7861335277557374,"z":2.1712489128112795},"rotation":{"x":0.08128413558006287,"y":-0.7288644909858704,"z":0.08788704127073288,"w":0.6741209030151367},"size":1.6462810039520264,"orthographic":true}